region,year,tourism_spending,tourism_spending_prev_year,destination_search,avg_stay_time,avg_lodging_days,visitor_count,date,tourism_spending_recovery_rate,tourism_spending_growth_rate,visitor_score,spending_score,search_score,stay_time_score,lodging_score,tourism_recovery_index,tourism_consumption_share,spending_per_visitor,visitor_per_search
강원특별자치도,2020,3891453924.0,4185676174.0,25880521.0,1851.0,2.650555555555556,131065291.0,2020-01-01,0.9297073548528172,-0.07029264514718285,0.1684331933627913,0.07591345533934447,0.1541206718455528,0.5468397676802187,0.11183496199782943,0.1699956019475561,0.03266258553880834,29.69095703606228,5.064244688118914
강원특별자치도,2021,4321700635.0,3891453924.0,29440143.0,1743.9444444444443,2.6283333333333334,130221676.0,2021-01-01,1.1105619440452612,0.11056194404526117,0.1671070114436256,0.08529415460897019,0.17705395901881185,0.4883194776600994,0.06840390879478854,0.16680348026502992,0.03389764362757229,33.18726012250065,4.423269139691339
강원특별자치도,2022,5191720526.0,4321700635.0,34960754.0,1809.055555555556,2.631111111111111,153264262.0,2022-01-01,1.201314242813119,0.20131424281311888,0.20333047940474605,0.10426325942117072,0.2126211505450056,0.5239114755342978,0.07383279044516855,0.19457677835472276,0.0347479484941461,33.87430610535938,4.383894637970337
강원특별자치도,2023,5091023475.0,5191720526.0,33780194.0,1658.611111111111,2.600555555555556,151848858.0,2023-01-01,0.9806043005405025,-0.019395699459497446,0.2011054322053544,0.10206775454311214,0.2050152526420084,0.4416733097976692,0.014115092290989393,0.1775338467618075,0.033212789489736536,33.52691315597514,4.495203846372227
강원특별자치도,2024,4939740736.0,5091023475.0,34850405.0,1440.8333333333333,2.5933333333333333,146618304.0,2024-01-01,0.9702844153552052,-0.02971558464479483,0.1928828826513282,0.0987693263553734,0.21191021401683435,0.322628402232092,0.0,0.16214054572858655,0.031848675165878686,33.6911599795889,4.207076044023018
강원특별자치도,2025,4954400837.0,4939740736.0,35310587.0,1468.2777777777778,2.6277777777777778,151235214.0,2025-01-01,1.0029677875385563,0.0029677875385563557,0.20014076991556046,0.09908896156751414,0.21487499116394848,0.3376304900732643,0.06731813246471237,0.17323877993150974,0.032363694659729776,32.759571702659144,4.2829991469697175
경기도,2020,30006978746.0,32741813488.0,89849809.0,1248.741935483871,2.855806451612904,548938292.0,2020-01-01,0.9164727163630589,-0.0835272836369411,0.8253390312553245,0.6453120779441036,0.5662504013429304,0.21762456329832372,0.5129767783965548,0.6275055471979023,0.25186100855717825,54.66366472025967,6.109509837689249
경기도,2021,32599665558.0,30006978746.0,111095609.0,1201.4193548387098,2.8806451612903223,550778084.0,2021-01-01,1.0864027942948309,0.08640279429483087,0.828231226018843,0.7018406106716824,0.7031289891889508,0.19175639485546142,0.5615214878638222,0.6749751371168761,0.2556983786691941,59.18838549501908,4.95769444857177
경기도,2022,37491921201.0,32599665558.0,132302961.0,1226.516129032258,2.841290322580645,602401426.0,2022-01-01,1.1500707310722529,0.1500707310722528,0.9093842908260207,0.808506804192247,0.8397598712321537,0.2054751644863727,0.4846064936429548,0.7523274685648438,0.2509317172052516,62.23743766668972,4.553196855511042
경기도,2023,37797440277.0,37491921201.0,142289587.0,1206.483870967742,2.8351612903225805,627366383.0,2023-01-01,1.0081489309219995,0.008148930921999566,0.9486297696121365,0.8151680580724421,0.9040998944003258,0.19452483551362731,0.47262792896921274,0.7766746036337228,0.24658272218453872,60.24779347636802,4.409081481134667
경기도,2024,37739892525.0,37797440277.0,157174855.0,1109.0645161290322,2.855483870967742,625437908.0,2024-01-01,0.9984774695963997,-0.0015225304036003253,0.9455981631606591,0.8139133403922063,1.0,0.14127202794890725,0.5123463276242514,0.7932152866231755,0.24332564036492343,60.341549564341406,3.9792491489812414
경기도,2025,37294288701.0,37739892525.0,149636932.0,1140.354838709677,2.915483870967742,660044175.0,2025-01-01,0.9881927638319368,-0.011807236168063253,1.0,0.8041978089088309,0.9514360365092377,0.15837640653757545,0.62961017127246,0.8103452077555005,0.24361794933044378,56.50271620229055,4.410971049580193
경상남도,2020,4606978652.0,5046812959.0,15548967.0,1501.4444444444443,2.685555555555556,139194072.0,2020-01-01,0.9128490969304417,-0.08715090306955836,0.18121182151314147,0.09151409125762519,0.08755840910303879,0.3557605435979197,0.18023887079261797,0.15292939709089154,0.03866828111939735,33.09752050360306,8.951981954814105
경상남도,2021,4963763241.0,4606978652.0,18327070.0,1446.1666666666667,2.7033333333333336,140211858.0,2021-01-01,1.077444376445094,0.07744437644509407,0.18281180419573956,0.09929309071974081,0.10545666737200456,0.32554378772349396,0.21498371335504946,0.15977555205689936,0.03893371883105023,35.401879069315235,7.650533227624492
경상남도,2022,5679435819.0,4963763241.0,21358632.0,1399.6666666666667,2.643333333333333,149980943.0,2022-01-01,1.1441794346854908,0.14417943468549088,0.19816902744780693,0.11489695022195966,0.12498786532772557,0.3001252704703337,0.09771986970684003,0.1587018803841925,0.03801220468746404,37.86771642714635,7.022029453946302
경상남도,2023,5573032874.0,5679435819.0,22131964.0,1375.8333333333333,2.6416666666666666,155312930.0,2023-01-01,0.9812652262670106,-0.01873477373298934,0.2065510319790523,0.11257703933611554,0.12997014851292635,0.28709714155563143,0.09446254071661238,0.15988841932436001,0.036357319618044656,35.882607288395114,7.01758461201184
경상남도,2024,5569019559.0,5573032874.0,25779078.0,1276.4444444444443,2.6666666666666665,157232103.0,2024-01-01,0.9992798687732988,-0.0007201312267012477,0.2095680154754944,0.11248953674718982,0.1534671132793014,0.23276771817940245,0.1433224755700324,0.16491970769760902,0.03590591174844525,35.41909987046348,6.099213594838419
경상남도,2025,5648752031.0,5569019559.0,24774686.0,1286.8333333333333,2.710555555555556,166687846.0,2025-01-01,1.0143171470588832,0.014317147058883224,0.224432657994745,0.11422794943631286,0.14699619862304747,0.23844664616786237,0.229098805646038,0.1777519671353169,0.03689941366361279,33.8882058083587,6.728151710984349
경상북도,2020,4102416024.0,4667035383.0,13342115.0,1842.272727272728,2.731818181818182,152541333.0,2020-01-01,0.879019696088728,-0.12098030391127206,0.20219401861559397,0.0805130768281156,0.07334050319480441,0.5420691368761068,0.27065442700621883,0.18075258566030633,0.03443327787418459,26.893799492364472,11.433069869357295
경상북도,2021,4803529317.0,4102416024.0,17471020.0,1800.590909090909,2.7345454545454544,161251041.0,2021-01-01,1.1709025337504386,0.17090253375043857,0.2158858771894847,0.0957994992165252,0.09994146365524238,0.5192844053793831,0.27598460171750056,0.19302080636253982,0.03767690978490502,29.789136784549502,9.229629466396352
경상북도,2022,5495941826.0,4803529317.0,20638967.0,1853.5454545454545,2.7113636363636364,177343260.0,2022-01-01,1.144146618726674,0.14414661872667406,0.24118321054303424,0.11089621780005439,0.12035133815895781,0.5482312016647514,0.23067811667160223,0.20758502796835349,0.03678408776826198,30.990418389737506,8.592642257725398
경상북도,2023,5433864744.0,5495941826.0,21140195.0,1676.4545454545455,2.6681818181818184,180116114.0,2023-01-01,0.988704923748223,-0.011295076251776906,0.24554219993901025,0.10954274681959197,0.12358055903220734,0.451427151597975,0.14628368374296774,0.1910126793681164,0.035449415376772174,30.168676323985093,8.52007817335649
경상북도,2024,5386215895.0,5433864744.0,23557272.0,1466.6363636363635,2.683181818181818,178592992.0,2024-01-01,0.9912311308350814,-0.008768869164918617,0.24314781759981108,0.10850385561697497,0.13915286445140057,0.3367332360157778,0.17559964465501923,0.18455936292239566,0.03472729634633755,30.15916713574069,7.5812255340941
경상북도,2025,5454552247.0,5386215895.0,22898763.0,1479.3636363636365,2.727272727272727,187787058.0,2025-01-01,1.012687265667059,0.012687265667058821,0.2576010979383732,0.10999379790103181,0.13491034207032315,0.3436904059384415,0.2617708024874146,0.19780665800847175,0.03563083998151903,29.046475859907236,8.200751193415993
광주광역시,2020,2495440190.0,2859690182.0,4050259.0,1367.2,2.898,56610108.0,2020-01-01,0.872626064776971,-0.127373935223029,0.051387956515683085,0.04547606981120436,0.01347661820348506,0.28237786129142467,0.5954397394136811,0.11953629160927383,0.020945263712405484,44.081176986979074,13.97691061238306
광주광역시,2021,2687549060.0,2495440190.0,5111334.0,1284.4,2.942,56231056.0,2021-01-01,1.0769839608938894,0.07698396089388942,0.050792078172097924,0.04966463300163308,0.02031271981409592,0.23711650153741037,0.6814332247557007,0.1260545299442496,0.02108003028476703,47.79474637645077,11.001248597724194
광주광역시,2022,3026998388.0,2687549060.0,6227895.0,1394.8,2.976,63615948.0,2022-01-01,1.1263044210251552,0.12630442102515516,0.06240129593777469,0.057065670550167744,0.02750629656450967,0.29746498120942944,0.7478827361563518,0.14587612099586278,0.020259562037543942,47.58238276980483,10.214678956533467
광주광역시,2023,3039315121.0,3026998388.0,7283305.0,1212.0,2.904,66257320.0,2023-01-01,1.0040689592200733,0.004068959220073427,0.06655359264680728,0.0573342131451564,0.03430590074032647,0.19754014349162966,0.6071661237785015,0.12449814861266752,0.019827866401017944,45.871386301166424,9.09715026351361
광주광역시,2024,3089440511.0,3039315121.0,8101653.0,1091.4,2.916,66355821.0,2024-01-01,1.0164923306746514,0.016492330674651355,0.0667084384535079,0.05842710054520141,0.03957820484780254,0.13161598906730446,0.6306188925081433,0.12167979082671809,0.019918978047180097,46.55869619938844,8.190405217305653
광주광역시,2025,3123045762.0,3089440511.0,7685533.0,1143.4,2.978,70979688.0,2025-01-01,1.0108774552804458,0.010877455280445762,0.07397726227957423,0.05915979819390299,0.036897302364747725,0.1600409976084729,0.7517915309446258,0.1385038314703026,0.02040071095881157,43.99914750259257,9.235493231243689
대구광역시,2020,4140373870.0,4984089430.0,7220256.0,1037.888888888889,2.838888888888889,86201112.0,2020-01-01,0.8307182140590121,-0.16928178594098783,0.09790568613732309,0.08134067441142118,0.0338997000754843,0.10236495463690545,0.47991313789359424,0.11878165743277011,0.0347518738067222,48.03155984809106,11.938788873967903
대구광역시,2021,4760856607.0,4140373870.0,9493659.0,991.4444444444443,2.84,87651389.0,2021-01-01,1.1498615237372272,0.14986152373722714,0.10018555448388149,0.09486910312215516,0.04854636869916081,0.07697680598261392,0.48208469055374575,0.12413182067527911,0.03734220258550116,54.31581474424781,9.232624533912583
대구광역시,2022,5525225960.0,4760856607.0,11927080.0,1065.7777777777778,2.848888888888889,98772936.0,2022-01-01,1.1605529038358622,0.16055290383586215,0.11766887868337,0.11153470183119768,0.0642239722779788,0.11760999126902785,0.4994571118349619,0.14331257892036503,0.03698008514039165,55.93866279321696,8.281401315326132
대구광역시,2023,5782765383.0,5525225960.0,13860327.0,943.1111111111112,2.79,102614956.0,2023-01-01,1.046611563918736,0.046611563918736096,0.12370862128760653,0.11714985196592104,0.07667914550363071,0.050556124966784396,0.3843648208469057,0.13108546565815343,0.03772557134675453,56.35402097721506,7.403501807713483
대구광역시,2024,5943306484.0,5782765383.0,15392949.0,891.6666666666666,2.802222222222222,105352492.0,2024-01-01,1.0277619945419114,0.027761994541911368,0.12801208998632002,0.1206501408708503,0.08655324462259745,0.022434802414303588,0.4082519001085772,0.13497798843395867,0.038319103721514945,56.413534897684244,6.844204577043684
대구광역시,2025,5923932214.0,5943306484.0,14742815.0,905.5555555555557,2.842222222222222,112428992.0,2025-01-01,0.996740152968359,-0.0032598470316409817,0.1391365085314811,0.12022772230077892,0.08236467917292342,0.030026952131496087,0.48642779587404955,0.14592767988481725,0.03869697662067325,52.69043249983065,7.6260193185629745
대전광역시,2020,3488165950.0,5126310535.0,5611618.0,1219.2,2.834,69473159.0,2020-01-01,0.6804437472495021,-0.31955625275049787,0.07160896451282188,0.06712053930668561,0.02353585885531623,0.20147591390502223,0.4703583061889253,0.11350944492631025,0.02927762243637801,50.20882885144175,12.380236680401268
대전광역시,2021,3464904244.0,3488165950.0,7268576.0,1180.0,2.852,69111136.0,2021-01-01,0.993331250194676,-0.0066687498053239124,0.0710398561435751,0.06661336269636994,0.0342110074098619,0.18004783054321832,0.5055374592833874,0.11669669611661648,0.027177284866880834,50.13525235643645,9.508208485403468
대전광역시,2022,4265912683.0,3464904244.0,9309937.0,1144.2,2.794,75608788.0,2022-01-01,1.2311776553095417,0.23117765530954165,0.08125431250036205,0.08407780597178023,0.047362717910946366,0.16047830543218314,0.3921824104234529,0.11433825070939556,0.028551558861280777,56.420857890223026,8.121299639299385
대전광역시,2023,4649415144.0,4265912683.0,10641339.0,1090.4,2.78,82009340.0,2023-01-01,1.0898992758403818,0.08989927584038175,0.09131612545423301,0.09243933707434424,0.055940433300122924,0.1310693542876666,0.3648208469055372,0.11590374553791813,0.030331827615087764,56.693727129129435,7.706674883677702
대전광역시,2024,4735938749.0,4649415144.0,12033403.0,1001.0,2.7880000000000003,84639908.0,2024-01-01,1.0186095675090785,0.018609567509078512,0.09545143803015434,0.0943258173134201,0.06490897082336435,0.08220020498804237,0.3804560260586325,0.1161805938724127,0.030534674365225407,55.95396853455937,7.03374664672994
대전광역시,2025,4758753663.0,4735938749.0,11691653.0,1008.2,2.816,90947902.0,2025-01-01,1.004817400563894,0.004817400563893991,0.10536774770815402,0.09482325248636758,0.06270720589117175,0.08613597540143494,0.4351791530944623,0.12473025408618056,0.031085666173805107,52.3239520467443,7.7788745526402465
부산광역시,2020,7070856693.0,8276811876.0,15650991.0,978.875,2.830625,124725884.0,2020-01-01,0.8542971374646234,-0.14570286253537654,0.1584675017361222,0.14523419730081946,0.08821571083074037,0.07010591048855483,0.46376221498371334,0.1621404644244574,0.05934863063478686,56.69117320507426,7.969200416765942
부산광역시,2021,7551815521.0,7070856693.0,18863671.0,952.125,2.865625,123660862.0,2021-01-01,1.0680198806003436,0.06801988060034354,0.15679326298987695,0.1557205764204954,0.10891378299564605,0.05548343013324223,0.5321661237785019,0.17430186381341534,0.059233337265163714,61.0687601466016,6.555503539051333
부산광역시,2022,8758019146.0,7551815521.0,22751332.0,915.8125,2.7843750000000003,138010708.0,2022-01-01,1.1597236613693493,0.1597236613693493,0.17935154645806115,0.18201951880580372,0.13396050035644433,0.035633754697642635,0.3733713355048866,0.17610392867070124,0.05861702236703821,63.45898280588489,6.066049583382634
부산광역시,2023,9112025703.0,8758019146.0,24749972.0,909.1875,2.784375,148044554.0,2023-01-01,1.040420847579636,0.040420847579636016,0.195124980008784,0.1897379486410352,0.14683697574511267,0.03201229928254185,0.3733713355048857,0.18536463722271104,0.05944498055939676,61.54921242830722,5.98160490848232
부산광역시,2024,9252089280.0,9112025703.0,26915195.0,853.6875,2.81375,150240038.0,2024-01-01,1.0153712886206945,0.015371288620694533,0.19857633066591737,0.19279176465141504,0.1607866818805241,0.0016740690126409294,0.4307817589576552,0.19281334776833414,0.05965227768675113,61.582048321899386,5.581978432628855
부산광역시,2025,9434538492.0,9252089280.0,26624086.0,850.625,2.859375,161883449.0,2025-01-01,1.0197197850645903,0.0197197850645903,0.2168800369129791,0.19676971763976964,0.15891117760065387,0.0,0.5199511400651466,0.20787227589247007,0.06162935399378051,58.27982137939253,6.080338269640505
서울특별시,2020,34987092303.0,45316474538.0,46299110.0,1074.24,2.8664,483312564.0,2020-01-01,0.772061213050933,-0.22793878694906697,0.7221738979828174,0.7538938437366213,0.2856698546547804,0.12223573624871883,0.5336807817589578,0.5655459452475553,0.29366116557440197,72.39019820515156,10.438916946783642
서울특별시,2021,35670616666.0,34987092303.0,56509990.0,1022.56,2.894,485882474.0,2021-01-01,1.0195364723961753,0.01953647239617539,0.7262138548065855,0.7687967734484198,0.35145466083130344,0.09398565083703447,0.5876221498371339,0.5869549007101791,0.2797856570460506,73.4140838057888,8.598169527193333
서울특별시,2022,42524560053.0,35670616666.0,67731592.0,980.0,2.8396,556130988.0,2022-01-01,1.1921453573728917,0.1921453573728918,0.8366461125486342,0.9182337826821452,0.42375116344029345,0.07072087461564742,0.4813029315960911,0.6664165818784664,0.28461493931691395,76.4650072924906,8.210806384116882
서울특별시,2023,44859595483.0,42524560053.0,72026120.0,939.48,2.8572,587266491.0,2023-01-01,1.0549102783683066,0.05491027836830658,0.8855918296384552,0.9691447242250573,0.45141916973354645,0.04857123334472157,0.5157003257328995,0.7031319560135253,0.2926547694560797,76.3871192558814,8.153521125391732
서울특별시,2024,46274775795.0,44859595483.0,73243865.0,883.08,2.8928,595780850.0,2024-01-01,1.0315468808125186,0.03154688081251863,0.8989765951524464,1.0,0.45926463641197474,0.01774103177314659,0.5852768729641691,0.7218476963018603,0.2983537763283981,77.67080092453459,8.134208237099449
서울특별시,2025,44544491947.0,46274775795.0,71746760.0,877.84,2.9348,633285856.0,2025-01-01,0.9626084877068825,-0.03739151229311753,0.957935315463727,0.9622744996900655,0.44961935978048917,0.014876665527844226,0.6673615635179155,0.7342106394068115,0.2909785428299006,70.33868122107562,8.82668229199479
세종특별자치시,2020,409675696.0,420317076.0,1958467.0,2340.0,3.02,23921040.0,2020-01-01,0.9746824942225283,-0.02531750577747167,0.0,0.0,0.0,0.8141441749231295,0.8338762214983714,0.1648020396421501,0.0034385779004718446,17.126165751990715,12.21416546717407
세종특별자치시,2021,434128262.0,409675696.0,2451015.0,2221.0,3.02,25390470.0,2021-01-01,1.0596876169095468,0.05968761690954691,0.0023099772970841567,0.0005331410145670464,0.0031732989431502556,0.7490946361462248,0.8338762214983714,0.15978468104658505,0.003405123667001367,17.09807900365767,10.3591654885833
세종특별자치시,2022,477718358.0,434128262.0,2893991.0,2242.0,2.98,26820882.0,2022-01-01,1.1004083350832385,0.1004083350832386,0.004558617412963608,0.0014835389403518066,0.006027224393341765,0.7605739665186197,0.755700325732899,0.15464552100981488,0.003197347163692849,17.81143356881403,9.267783486541596
세종특별자치시,2023,479602612.0,477718358.0,2986324.0,2202.0,2.96,27405046.0,2023-01-01,1.0039442779797882,0.00394427797978825,0.005476936473942266,0.00152462146270394,0.006622090703463606,0.7387085753331055,0.7166123778501629,0.14895698084001344,0.0031288287452031025,17.500522057142323,9.17684953139713
세종특별자치시,2024,475852119.0,479602612.0,3485973.0,2149.0,2.98,27966670.0,2024-01-01,0.9921799988028422,-0.007820001197157783,0.006359822143554015,0.0014428492003104305,0.009841138681825273,0.7097369320122993,0.755700325732899,0.1508527549140442,0.0030680273267333783,17.014972429681475,8.022629549913324
세종특별자치시,2025,469889587.0,475852119.0,3210747.0,2202.0,3.03,30128382.0,2025-01-01,0.9874697794505356,-0.012530220549464444,0.009758082450499148,0.001312847696179188,0.008067962514370582,0.7387085753331055,0.8534201954397391,0.1641477486241621,0.003069465636265096,15.596243668179724,9.383605123667483
울산광역시,2020,1841285407.0,2085569902.0,4192828.0,1310.6,2.904,43244282.0,2020-01-01,0.8828691885293615,-0.11713081147063849,0.03037657481204484,0.031213487115690684,0.014395135905365869,0.2514383327639221,0.6071661237785015,0.10721649141363619,0.015454671514054146,42.57870224322374,10.31386977953782
울산광역시,2021,1911772527.0,1841285407.0,5116320.0,1232.6,2.94,42680078.0,2021-01-01,1.038281474307041,0.038281474307040986,0.02948963332390041,0.03275032274556729,0.020344842710809635,0.2088008199521694,0.6775244299674267,0.11137348035496185,0.014995157992295624,44.7930888739238,8.341948509866466
울산광역시,2022,2258849505.0,1911772527.0,6130501.0,1183.8,2.864,46681992.0,2022-01-01,1.1815472150050412,0.18154721500504123,0.03578073292366579,0.040317666482980546,0.026878824161273487,0.18212504270584212,0.5289902280130292,0.09931681172613574,0.015118376627302955,48.388027336108536,7.614710771599254
울산광역시,2023,2275797333.0,2258849505.0,6534730.0,1218.6,2.888,49032032.0,2023-01-01,1.0075028584075592,0.007502858407559117,0.03947504911922438,0.04068718116764095,0.029483117465663483,0.20114793303723943,0.5758957654723126,0.10764966243014751,0.014846833473348467,46.41450170778156,7.503298835606062
울산광역시,2024,2280281957.0,2275797333.0,7899103.0,1133.8,2.916,49936890.0,2024-01-01,1.0019705726581938,0.001970572658193725,0.040897506423815254,0.04078495973980846,0.038273252435174564,0.15479330372394942,0.6306188925081433,0.11070060995933131,0.01470197794103564,45.663275326116626,6.321843125732125
울산광역시,2025,2360075545.0,2280281957.0,7272029.0,1164.6,2.974,52682231.0,2025-01-01,1.0349928603149492,0.0349928603149492,0.04521324475960146,0.04252470494537359,0.03423325377214679,0.1716296549367953,0.7439739413680786,0.12472839529640926,0.015416751051278604,44.79832194274385,7.244502325279506
인천광역시,2020,5983628803.0,7746190703.0,19619840.0,1232.0,2.755,135966530.0,2020-01-01,0.7724608175064187,-0.22753918249358132,0.17613805226561993,0.1215292912251058,0.11378549151652724,0.20847283908438674,0.3159609120521171,0.16450067646417355,0.05022307636873483,44.00810113341864,6.930052946405271
인천광역시,2021,6045818214.0,5983628803.0,22774411.0,1214.1,2.788,135519552.0,2021-01-01,1.0103932601849934,0.010393260184993465,0.17543539270899178,0.1228852113226476,0.13410918955284543,0.1986880765288691,0.38045602605863166,0.17423242937881098,0.047420913331091386,44.61214728631925,5.950518412967957
인천광역시,2022,7411856855.0,6045818214.0,27953567.0,1185.4,2.74,154843507.0,2022-01-01,1.2259476869213057,0.22594768692130576,0.20581308837321252,0.15266904779201973,0.16747651671935568,0.1829996583532628,0.28664495114006566,0.18800440514277364,0.04960721960162069,47.86675914670416,5.539311208476542
인천광역시,2023,8280674915.0,7411856855.0,31969775.0,1171.9,2.74,175109028.0,2023-01-01,1.117220026910517,0.11722002691051701,0.23767094715082168,0.17161194899848506,0.19335141338297346,0.17562008882815175,0.28664495114006566,0.20768165551820847,0.05402141909880644,47.288680712681476,5.477330634951294
인천광역시,2024,8555099812.0,8280674915.0,36924663.0,1098.5,2.764,177319548.0,2024-01-01,1.0331404021794037,0.033140402179403755,0.24114593474107807,0.17759525430922574,0.22527386734447138,0.13549709600273319,0.3335504885993482,0.21758188864419356,0.05515848087701294,48.246794606085956,4.802198140576124
인천광역시,2025,8452313172.0,8555099812.0,35885184.0,1116.6,2.8040000000000003,185482860.0,2025-01-01,0.9879853371370578,-0.012014662862942177,0.253978846406836,0.1753541899753829,0.21857690052676654,0.1453911855141783,0.41172638436482145,0.22822704800791893,0.05521315122993954,45.569241125568155,5.168786650223112
전라남도,2020,2785129354.0,2911956515.0,11478039.0,1580.909090909091,2.717272727272728,110317383.0,2020-01-01,0.9564460662971129,-0.04355393370288704,0.135817011277227,0.051792183007833274,0.061330972345523205,0.3991986831071218,0.24222682854604866,0.13269150391993978,0.023376744923183885,25.246513996801394,9.611169904545541
전라남도,2021,3125186883.0,2785129354.0,13049111.0,1495.0,2.7322727272727274,114436973.0,2021-01-01,1.1220975709841303,0.12209757098413031,0.14229310021871788,0.05920648120550393,0.07145279015254498,0.35223778612914247,0.2715427894580993,0.13711849001649973,0.024512681505876092,27.309241070191536,8.769714120755046
전라남도,2022,3606604403.0,3125186883.0,14808197.0,1604.409090909091,2.7145454545454544,126800233.0,2022-01-01,1.1540443941508762,0.15404439415087612,0.16172842542505547,0.06970286121908416,0.08278591046713443,0.4120446004286114,0.23689665383476435,0.15088069351300637,0.024138838638673776,28.4432001240881,8.562840769879006
전라남도,2023,3605970422.0,3606604403.0,15803635.0,1439.8636363636365,2.665,128427117.0,2023-01-01,0.9998242166511324,-0.00017578334886760797,0.164285923982312,0.06968903848679683,0.08919913791577214,0.3220983321427463,0.14006514657980473,0.13424866419614218,0.023524608975035693,28.077951963992152,8.126428951314049
전라남도,2024,3566897798.0,3605970422.0,17480131.0,1331.409090909091,2.687272727272727,126777920.0,2024-01-01,0.9891644635348038,-0.01083553646519622,0.16169334888283854,0.06883713532043152,0.1000001623539906,0.2628133055874771,0.1835949067219422,0.13379999896272107,0.022997354596059102,28.135008036099663,7.252687065102658
전라남도,2025,3597760801.0,3566897798.0,16412478.0,1369.2272727272727,2.735,132694562.0,2025-01-01,1.008652617694094,0.008652617694094077,0.1709944443382019,0.06951004354331519,0.09312168119773538,0.28348603907196324,0.27687296416938095,0.14681158292813665,0.023501697955632898,27.11309903566357,8.084980342395585
전북특별자치도,2020,2558523584.0,2958247136.0,8731045.0,1420.071428571429,2.6635714285714287,83792698.0,2020-01-01,0.8648782425458588,-0.13512175745414126,0.09411960468942857,0.046851481482907555,0.04363313750091904,0.3112792229977063,0.13727315030246662,0.09587319068190192,0.02147474878221338,30.53396829399144,9.5970984000197
전북특별자치도,2021,2772365655.0,2558523584.0,10305898.0,1356.642857142857,2.6757142857142857,83144446.0,2021-01-01,1.0835802618108679,0.08358026181086788,0.09310053783847996,0.0515138951817422,0.05377931484915111,0.27660695983210504,0.1610051186598419,0.09790140072509157,0.021745296797613802,33.343966895876605,8.067656598192608
전북특별자치도,2022,3265518633.0,2772365655.0,12021795.0,1468.2142857142858,2.6685714285714286,94403148.0,2022-01-01,1.177881650319319,0.17788165031931907,0.1107994728096157,0.06226614421064495,0.06483418490578456,0.33759578310312854,0.14704513727315047,0.11335061412486301,0.02185596714959968,34.591204871685,7.852666594298106
전북특별자치도,2023,3289894617.0,3265518633.0,12928517.0,1288.142857142857,2.6207142857142856,96051949.0,2023-01-01,1.0074646592898495,0.007464659289849473,0.1133914253881051,0.06279761550248525,0.07067584899604802,0.239162477426912,0.053513261982317165,0.09625945600730962,0.021462595467179296,34.25120105579534,7.429463796969134
전북특별자치도,2024,3358934288.0,3289894617.0,13325980.0,1163.071428571429,2.630714285714286,96296204.0,2024-01-01,1.0209853746205877,0.02098537462058773,0.11377539978953917,0.0643028923001152,0.07323655154248275,0.17079408463077767,0.0730572359236857,0.0924559299908392,0.021656522631321357,34.881274115436575,7.2262005496031065
전북특별자치도,2025,3418009033.0,3358934288.0,14106606.0,1179.5,2.672857142857143,102129580.0,2025-01-01,1.017587347633161,0.01758734763316096,0.12294559920383968,0.0655909031160185,0.07826582718829922,0.17977451315339937,0.15542112610516567,0.10573368005947381,0.02232750322947078,33.46737578867944,7.239840681734501
제주특별자치도,2020,2146768352.0,2602572855.0,14000514.0,2532.5,3.03,46183160.0,2020-01-01,0.824863883397416,-0.17513611660258402,0.03499655770262152,0.03787395322915416,0.07758231688782759,0.9193713700034165,0.8534201954397391,0.2146567732014138,0.01801871647426105,46.48379088828049,3.2986760343227397
제주특별자치도,2021,2917419692.0,2146768352.0,19703136.0,2594.0,3.085,59284068.0,2021-01-01,1.3589820668271153,0.3589820668271152,0.055591482300042426,0.054676518542138244,0.1143221358816828,0.9529894089511445,0.9609120521172638,0.24733497353583161,0.022883041048834176,49.210855300955394,3.008864578714779
제주특별자치도,2022,3466068411.0,2917419692.0,19988089.0,2680.0,3.105,68144188.0,2022-01-01,1.1880595789849766,0.18805957898497658,0.06951979195034308,0.06663874511126683,0.11615797940098954,1.0,1.0,0.2640791569986809,0.02319823765926163,50.86374220204957,3.4092397727466595
제주특별자치도,2023,3059665619.0,3466068411.0,15021713.0,2401.5,3.08,60629072.0,2023-01-01,0.8827481908002075,-0.11725180919979251,0.05770585910226327,0.05777791648290282,0.08416151263615283,0.8477622138708575,0.95114006514658,0.23136766310452417,0.019960628862123134,50.4653216364585,4.036095750198396
제주특별자치도,2024,2986115465.0,3059665619.0,14069939.0,2169.5,3.085,57928874.0,2024-01-01,0.9759613751439811,-0.024038624856018948,0.05346108658664018,0.05617429730751147,0.07802959568934177,0.7209429449948753,0.9609120521172638,0.21668203401732777,0.01925279615577618,51.54796319707509,4.117208610499306
제주특별자치도,2025,2656137907.0,2986115465.0,13227183.0,2168.5,3.105,59269886.0,2025-01-01,0.8894960486733892,-0.11050395132661088,0.05556918787429418,0.048979773425785675,0.07260004014524549,0.7203963102152374,1.0,0.2179243274405968,0.017350722927847295,44.81429080190908,4.480915248545363
충청남도,2020,4194194504.0,4622974862.0,15480306.0,1534.7333333333331,2.686,138428948.0,2020-01-01,0.9072501212315699,-0.09274987876843013,0.1800090292267078,0.08251412947603082,0.08711605246219233,0.3739574080400864,0.18110749185667752,0.15168664809293644,0.035203612693038226,30.29853628592193,8.942261735653029
충청남도,2021,4693177045.0,4194194504.0,18900594.0,1498.8,2.702,142540388.0,2021-01-01,1.118969814233489,0.11896981423348887,0.18647230618329894,0.09339348087661524,0.1091516638049843,0.35431499829176627,0.21237785016286648,0.16245935372443437,0.036811351916445925,32.92524393156556,7.541582449736765
충청남도,2022,5459352559.0,4693177045.0,22348831.0,1436.4,2.6486666666666663,157650633.0,2022-01-01,1.1632530600600857,0.16325306006008558,0.21022595413072032,0.11009845944084397,0.1313673398971248,0.32020498804236425,0.10814332247556939,0.1652056231026876,0.03653919747442058,34.629436337245785,7.054088556130743
충청남도,2023,5450421112.0,5459352559.0,23475367.0,1483.0,2.6633333333333336,164815175.0,2023-01-01,0.99836400985218,-0.0016359901478200174,0.22148877669729777,0.1099037264743679,0.138625181768822,0.3456781687734882,0.13680781758957708,0.17539138594157067,0.03555742571453606,33.069898521176825,7.020770963878861
충청남도,2024,5494785074.0,5450421112.0,27284028.0,1349.0,2.69,165468408.0,2024-01-01,1.0081395475851078,0.008139547585107768,0.22251567379325074,0.1108709970549235,0.16316293225429263,0.2724291083020157,0.18892508143322476,0.17878400667883484,0.03542728946334415,33.20745718421368,6.0646620066509245
충청남도,2025,5486583699.0,5494785074.0,25244070.0,1409.9333333333334,2.7373333333333334,175403844.0,2025-01-01,0.9985074256973567,-0.0014925743026432338,0.2381344045913375,0.11069218189955923,0.15002026074720926,0.3057373875412823,0.28143322475570054,0.19336908932640917,0.03584007943673104,31.279723259656727,6.948318714058391
충청북도,2020,4432063063.0,4902276467.0,9225772.0,1459.5454545454545,2.6954545454545453,93383798.0,2020-01-01,0.9040826425916056,-0.09591735740839441,0.10919703148353502,0.08770039438086172,0.04682047491016219,0.3328570984874367,0.19958543085578903,0.12167757567567403,0.0372001420897796,47.46072828393636,10.122057861390894
충청북도,2021,4768387368.0,4432063063.0,11690068.0,1393.3636363636365,2.700909090909091,96151230.0,2021-01-01,1.0758843681191546,0.07588436811915462,0.11354749737250162,0.09503329683335922,0.06269699434057183,0.29667981488958606,0.21024578027835414,0.12580619664666665,0.03740127077975668,49.59257794206065,8.225035987814612
충청북도,2022,5505145839.0,4768387368.0,14151463.0,1382.3636363636365,2.665454545454545,107613782.0,2022-01-01,1.1545089385867193,0.15450893858671927,0.13156688916839976,0.11109689354217929,0.07855482373420518,0.29066683231356966,0.1409535090316843,0.13167213369454014,0.03684568980713557,51.15651301057331,7.604428036875056
충청북도,2023,5504526421.0,5505145839.0,15126705.0,1345.6363636363635,2.6545454545454543,112764396.0,2023-01-01,0.9998874838163938,-0.00011251618360623053,0.13966377122882034,0.11108338832800418,0.08483793605608192,0.2705904276795974,0.11963281018655579,0.13121405886487905,0.03591039761633899,48.814400788348124,7.4546569130554206
충청북도,2024,5451966174.0,5504526421.0,17963251.0,1202.1818181818182,2.663636363636364,115004435.0,2024-01-01,0.9904514497742294,-0.00954855022577064,0.14318516335677683,0.10993741356971196,0.10311272028827265,0.1921731838370035,0.13740005922416432,0.12951664144171793,0.035151217234062636,47.40657326823961,6.40220609287261
충청북도,2025,5507617733.0,5451966174.0,16634428.0,1227.090909090909,2.705454545454545,122791739.0,2025-01-01,1.010207612671076,0.010207612671075974,0.15542698191600907,0.11115078842073978,0.09455162041265901,0.2057893592570736,0.21912940479715667,0.1413755315889795,0.03597748032055831,44.85332464425803,7.381783070629179
